,show_id,date_added,month_added
0,s1,2021-09-25,9
1,s2,2021-09-24,9
2,s3,2021-09-24,9
3,s4,2021-09-24,9
4,s5,2021-09-24,9
5,s6,2021-09-24,9
6,s7,2021-09-24,9
6,s7,2021-09-24,9
7,s8,2021-09-24,9
7,s8,2021-09-24,9
7,s8,2021-09-24,9
7,s8,2021-09-24,9
7,s8,2021-09-24,9
7,s8,2021-09-24,9
8,s9,2021-09-24,9
9,s10,2021-09-24,9
10,s11,2021-09-24,9
11,s12,2021-09-23,9
12,s13,2021-09-23,9
12,s13,2021-09-23,9
13,s14,2021-09-22,9
14,s15,2021-09-22,9
15,s16,2021-09-22,9
16,s17,2021-09-22,9
16,s17,2021-09-22,9
17,s18,2021-09-22,9
18,s19,2021-09-22,9
19,s20,2021-09-22,9
20,s21,2021-09-22,9
21,s22,2021-09-22,9
22,s23,2021-09-21,9
23,s24,2021-09-21,9
23,s24,2021-09-21,9
24,s25,2021-09-21,9
25,s26,2021-09-21,9
26,s27,2021-09-21,9
27,s28,2021-09-20,9
28,s29,2021-09-19,9
29,s30,2021-09-19,9
29,s30,2021-09-19,9
29,s30,2021-09-19,9
30,s31,2021-09-17,9
30,s31,2021-09-17,9
30,s31,2021-09-17,9
31,s32,2021-09-17,9
32,s33,2021-09-17,9
33,s34,2021-09-17,9
34,s35,2021-09-17,9
35,s36,2021-09-17,9
36,s37,2021-09-17,9
37,s38,2021-09-16,9
38,s39,2021-09-16,9
38,s39,2021-09-16,9
38,s39,2021-09-16,9
39,s40,2021-09-16,9
40,s41,2021-09-16,9
41,s42,2021-09-16,9
42,s43,2021-09-16,9
43,s44,2021-09-16,9
44,s45,2021-09-16,9
45,s46,2021-09-16,9
46,s47,2021-09-16,9
46,s47,2021-09-16,9
46,s47,2021-09-16,9
47,s48,2021-09-16,9
48,s49,2021-09-16,9
49,s50,2021-09-15,9
50,s51,2021-09-15,9
51,s52,2021-09-15,9
52,s53,2021-09-15,9
53,s54,2021-09-15,9
54,s55,2021-09-15,9
55,s56,2021-09-15,9
56,s57,2021-09-15,9
57,s58,2021-09-15,9
58,s59,2021-09-15,9
59,s60,2021-09-15,9
60,s61,2021-09-15,9
61,s62,2021-09-15,9
62,s63,2021-09-15,9
63,s64,2021-09-15,9
64,s65,2021-09-15,9
65,s66,2021-09-15,9
66,s67,2021-09-15,9
67,s68,2021-09-15,9
68,s69,2021-09-15,9
68,s69,2021-09-15,9
68,s69,2021-09-15,9
69,s70,2021-09-15,9
70,s71,2021-09-15,9
71,s72,2021-09-14,9
72,s73,2021-09-14,9
73,s74,2021-09-14,9
74,s75,2021-09-14,9
75,s76,2021-09-14,9
76,s77,2021-09-14,9
77,s78,2021-09-11,9
78,s79,2021-09-11,9
79,s80,2021-09-11,9
80,s81,2021-09-10,9
81,s82,2021-09-10,9
82,s83,2021-09-10,9
83,s84,2021-09-10,9
84,s85,2021-09-10,9
84,s85,2021-09-10,9
85,s86,2021-09-10,9
86,s87,2021-09-10,9
87,s88,2021-09-10,9
88,s89,2021-09-09,9
89,s90,2021-09-09,9
90,s91,2021-09-09,9
90,s91,2021-09-09,9
91,s92,2021-09-09,9
91,s92,2021-09-09,9
92,s93,2021-09-08,9
93,s94,2021-09-08,9
94,s95,2021-09-08,9
94,s95,2021-09-08,9
95,s96,2021-09-08,9
95,s96,2021-09-08,9
96,s97,2021-09-07,9
97,s98,2021-09-07,9
98,s99,2021-09-07,9
99,s100,2021-09-07,9
99,s100,2021-09-07,9
100,s101,2021-09-07,9
101,s102,2021-09-07,9
101,s102,2021-09-07,9
102,s103,2021-09-06,9
103,s104,2021-09-06,9
104,s105,2021-09-06,9
105,s106,2021-09-05,9
106,s107,2021-09-05,9
107,s108,2021-09-04,9
108,s109,2021-09-03,9
109,s110,2021-09-03,9
110,s111,2021-09-03,9
110,s111,2021-09-03,9
111,s112,2021-09-03,9
111,s112,2021-09-03,9
112,s113,2021-09-03,9
113,s114,2021-09-02,9
114,s115,2021-09-02,9
115,s116,2021-09-02,9
115,s116,2021-09-02,9
115,s116,2021-09-02,9
116,s117,2021-09-02,9
117,s118,2021-09-02,9
117,s118,2021-09-02,9
118,s119,2021-09-02,9
119,s120,2021-09-02,9
120,s121,2021-09-02,9
121,s122,2021-09-02,9
122,s123,2021-09-02,9
122,s123,2021-09-02,9
122,s123,2021-09-02,9
122,s123,2021-09-02,9
123,s124,2021-09-02,9
124,s125,2021-09-02,9
125,s126,2021-09-02,9
126,s127,2021-09-02,9
127,s128,2021-09-01,9
127,s128,2021-09-01,9
128,s129,2021-09-01,9
129,s130,2021-09-01,9
129,s130,2021-09-01,9
130,s131,2021-09-01,9
131,s132,2021-09-01,9
132,s133,2021-09-01,9
133,s134,2021-09-01,9
133,s134,2021-09-01,9
134,s135,2021-09-01,9
134,s135,2021-09-01,9
135,s136,2021-09-01,9
135,s136,2021-09-01,9
135,s136,2021-09-01,9
135,s136,2021-09-01,9
136,s137,2021-09-01,9
136,s137,2021-09-01,9
136,s137,2021-09-01,9
136,s137,2021-09-01,9
137,s138,2021-09-01,9
137,s138,2021-09-01,9
138,s139,2021-09-01,9
139,s140,2021-09-01,9
140,s141,2021-09-01,9
140,s141,2021-09-01,9
141,s142,2021-09-01,9
141,s142,2021-09-01,9
141,s142,2021-09-01,9
142,s143,2021-09-01,9
142,s143,2021-09-01,9
143,s144,2021-09-01,9
144,s145,2021-09-01,9
145,s146,2021-09-01,9
145,s146,2021-09-01,9
146,s147,2021-09-01,9
147,s148,2021-09-01,9
148,s149,2021-09-01,9
149,s150,2021-09-01,9
150,s151,2021-09-01,9
151,s152,2021-09-01,9
151,s152,2021-09-01,9
151,s152,2021-09-01,9
151,s152,2021-09-01,9
152,s153,2021-09-01,9
153,s154,2021-09-01,9
154,s155,2021-09-01,9
155,s156,2021-09-01,9
155,s156,2021-09-01,9
156,s157,2021-09-01,9
157,s158,2021-09-01,9
158,s159,2021-09-01,9
159,s160,2021-09-01,9
160,s161,2021-09-01,9
161,s162,2021-09-01,9
162,s163,2021-09-01,9
162,s163,2021-09-01,9
162,s163,2021-09-01,9
163,s164,2021-09-01,9
164,s165,2021-09-01,9
165,s166,2021-09-01,9
166,s167,2021-09-01,9
166,s167,2021-09-01,9
167,s168,2021-09-01,9
167,s168,2021-09-01,9
167,s168,2021-09-01,9
167,s168,2021-09-01,9
168,s169,2021-09-01,9
168,s169,2021-09-01,9
169,s170,2021-09-01,9
170,s171,2021-09-01,9
171,s172,2021-09-01,9
172,s173,2021-09-01,9
172,s173,2021-09-01,9
173,s174,2021-09-01,9
174,s175,2021-09-01,9
175,s176,2021-09-01,9
176,s177,2021-09-01,9
177,s178,2021-09-01,9
177,s178,2021-09-01,9
178,s179,2021-09-01,9
178,s179,2021-09-01,9
179,s180,2021-09-01,9
180,s181,2021-09-01,9
181,s182,2021-09-01,9
182,s183,2021-09-01,9
183,s184,2021-08-31,8
184,s185,2021-08-31,8
185,s186,2021-08-31,8
185,s186,2021-08-31,8
186,s187,2021-08-29,8
187,s188,2021-08-29,8
188,s189,2021-08-28,8
188,s189,2021-08-28,8
189,s190,2021-08-28,8
190,s191,2021-08-28,8
191,s192,2021-08-28,8
191,s192,2021-08-28,8
191,s192,2021-08-28,8
192,s193,2021-08-27,8
193,s194,2021-08-27,8
194,s195,2021-08-27,8
195,s196,2021-08-27,8
196,s197,2021-08-27,8
197,s198,2021-08-27,8
198,s199,2021-08-27,8
199,s200,2021-08-27,8
