show_id,title,director,country,listed_in
s1,Dick Johnson Is Dead,Kirsten Johnson,United States,Documentaries
s2,Blood & Water,,South Africa,International TV Shows
s2,Blood & Water,,South Africa,TV Dramas
s2,Blood & Water,,South Africa,TV Mysteries
s3,Ganglands,Julien Leclercq,,Crime TV Shows
s3,Ganglands,Julien Leclercq,,International TV Shows
s3,Ganglands,Julien Leclercq,,TV Action & Adventure
s4,Jailbirds New Orleans,,,Docuseries
s4,Jailbirds New Orleans,,,Reality TV
s5,Kota Factory,,India,International TV Shows
s5,Kota Factory,,India,Romantic TV Shows
s5,Kota Factory,,India,TV Comedies
s6,Midnight Mass,Mike Flanagan,,TV Dramas
s6,Midnight Mass,Mike Flanagan,,TV Horror
s6,Midnight Mass,Mike Flanagan,,TV Mysteries
s7,My Little Pony: A New Generation,Robert Cullen,,Children & Family Movies
s7,My Little Pony: A New Generation,José Luis Ucha,,Children & Family Movies
s8,Sankofa,Haile Gerima,United States,Dramas
s8,Sankofa,Haile Gerima,United States,Independent Movies
s8,Sankofa,Haile Gerima,United States,International Movies
s8,Sankofa,Haile Gerima,Ghana,Dramas
s8,Sankofa,Haile Gerima,Ghana,Independent Movies
s8,Sankofa,Haile Gerima,Ghana,International Movies
s8,Sankofa,Haile Gerima,Burkina Faso,Dramas
s8,Sankofa,Haile Gerima,Burkina Faso,Independent Movies
s8,Sankofa,Haile Gerima,Burkina Faso,International Movies
s8,Sankofa,Haile Gerima,United Kingdom,Dramas
s8,Sankofa,Haile Gerima,United Kingdom,Independent Movies
s8,Sankofa,Haile Gerima,United Kingdom,International Movies
s8,Sankofa,Haile Gerima,Germany,Dramas
s8,Sankofa,Haile Gerima,Germany,Independent Movies
s8,Sankofa,Haile Gerima,Germany,International Movies
s8,Sankofa,Haile Gerima,Ethiopia,Dramas
s8,Sankofa,Haile Gerima,Ethiopia,Independent Movies
s8,Sankofa,Haile Gerima,Ethiopia,International Movies
s9,The Great British Baking Show,Andy Devonshire,United Kingdom,British TV Shows
s9,The Great British Baking Show,Andy Devonshire,United Kingdom,Reality TV
s10,The Starling,Theodore Melfi,United States,Comedies
s10,The Starling,Theodore Melfi,United States,Dramas
s11,"Vendetta: Truth, Lies and The Mafia",,,Crime TV Shows
s11,"Vendetta: Truth, Lies and The Mafia",,,Docuseries
s11,"Vendetta: Truth, Lies and The Mafia",,,International TV Shows
s12,Bangkok Breaking,Kongkiat Komesiri,,Crime TV Shows
s12,Bangkok Breaking,Kongkiat Komesiri,,International TV Shows
s12,Bangkok Breaking,Kongkiat Komesiri,,TV Action & Adventure
s13,Je Suis Karl,Christian Schwochow,Germany,Dramas
s13,Je Suis Karl,Christian Schwochow,Germany,International Movies
s13,Je Suis Karl,Christian Schwochow,Czech Republic,Dramas
s13,Je Suis Karl,Christian Schwochow,Czech Republic,International Movies
s14,Confessions of an Invisible Girl,Bruno Garotti,,Children & Family Movies
s14,Confessions of an Invisible Girl,Bruno Garotti,,Comedies
s15,Crime Stories: India Detectives,,,British TV Shows
s15,Crime Stories: India Detectives,,,Crime TV Shows
s15,Crime Stories: India Detectives,,,Docuseries
s16,Dear White People,,United States,TV Comedies
s16,Dear White People,,United States,TV Dramas
s17,Europe's Most Dangerous Man: Otto Skorzeny in Spain,Pedro de Echave García,,Documentaries
s17,Europe's Most Dangerous Man: Otto Skorzeny in Spain,Pedro de Echave García,,International Movies
s17,Europe's Most Dangerous Man: Otto Skorzeny in Spain,Pablo Azorín Williams,,Documentaries
s17,Europe's Most Dangerous Man: Otto Skorzeny in Spain,Pablo Azorín Williams,,International Movies
s18,Falsa identidad,,Mexico,Crime TV Shows
s18,Falsa identidad,,Mexico,Spanish-Language TV Shows
s18,Falsa identidad,,Mexico,TV Dramas
s19,Intrusion,Adam Salky,,Thrillers
s20,Jaguar,,,International TV Shows
s20,Jaguar,,,Spanish-Language TV Shows
s20,Jaguar,,,TV Action & Adventure
s21,Monsters Inside: The 24 Faces of Billy Milligan,Olivier Megaton,,Crime TV Shows
s21,Monsters Inside: The 24 Faces of Billy Milligan,Olivier Megaton,,Docuseries
s21,Monsters Inside: The 24 Faces of Billy Milligan,Olivier Megaton,,International TV Shows
s22,Resurrection: Ertugrul,,Turkey,International TV Shows
s22,Resurrection: Ertugrul,,Turkey,TV Action & Adventure
s22,Resurrection: Ertugrul,,Turkey,TV Dramas
s23,Avvai Shanmughi,K.S. Ravikumar,,Comedies
s23,Avvai Shanmughi,K.S. Ravikumar,,International Movies
s24,Go! Go! Cory Carson: Chrissy Takes the Wheel,Alex Woo,,Children & Family Movies
s24,Go! Go! Cory Carson: Chrissy Takes the Wheel,Stanley Moore,,Children & Family Movies
s25,Jeans,S. Shankar,India,Comedies
s25,Jeans,S. Shankar,India,International Movies
s25,Jeans,S. Shankar,India,Romantic Movies
s26,Love on the Spectrum,,Australia,Docuseries
s26,Love on the Spectrum,,Australia,International TV Shows
s26,Love on the Spectrum,,Australia,Reality TV
s27,Minsara Kanavu,Rajiv Menon,,Comedies
s27,Minsara Kanavu,Rajiv Menon,,International Movies
s27,Minsara Kanavu,Rajiv Menon,,Music & Musicals
s28,Grown Ups,Dennis Dugan,United States,Comedies
s29,Dark Skies,Scott Stewart,United States,Horror Movies
s29,Dark Skies,Scott Stewart,United States,Sci-Fi & Fantasy
s30,Paranoia,Robert Luketic,United States,Thrillers
s30,Paranoia,Robert Luketic,India,Thrillers
s30,Paranoia,Robert Luketic,France,Thrillers
s31,Ankahi Kahaniya,Ashwiny Iyer Tiwari,,Dramas
s31,Ankahi Kahaniya,Ashwiny Iyer Tiwari,,Independent Movies
s31,Ankahi Kahaniya,Ashwiny Iyer Tiwari,,International Movies
s31,Ankahi Kahaniya,Abhishek Chaubey,,Dramas
s31,Ankahi Kahaniya,Abhishek Chaubey,,Independent Movies
s31,Ankahi Kahaniya,Abhishek Chaubey,,International Movies
s31,Ankahi Kahaniya,Saket Chaudhary,,Dramas
s31,Ankahi Kahaniya,Saket Chaudhary,,Independent Movies
s31,Ankahi Kahaniya,Saket Chaudhary,,International Movies
s32,Chicago Party Aunt,,,TV Comedies
s33,Sex Education,,United Kingdom,British TV Shows
s33,Sex Education,,United Kingdom,International TV Shows
s33,Sex Education,,United Kingdom,TV Comedies
s34,Squid Game,,,International TV Shows
s34,Squid Game,,,TV Dramas
s34,Squid Game,,,TV Thrillers
s35,Tayo and Little Wizards,,,Kids' TV
s36,The Father Who Moves Mountains,Daniel Sandu,,Dramas
s36,The Father Who Moves Mountains,Daniel Sandu,,International Movies
s36,The Father Who Moves Mountains,Daniel Sandu,,Thrillers
s37,The Stronghold,Cédric Jimenez,,Action & Adventure
s37,The Stronghold,Cédric Jimenez,,Dramas
s37,The Stronghold,Cédric Jimenez,,International Movies
s38,Angry Birds,,Finland,Kids' TV
s38,Angry Birds,,Finland,TV Comedies
s39,Birth of the Dragon,George Nolfi,China,Action & Adventure
s39,Birth of the Dragon,George Nolfi,China,Dramas
s39,Birth of the Dragon,George Nolfi,Canada,Action & Adventure
s39,Birth of the Dragon,George Nolfi,Canada,Dramas
s39,Birth of the Dragon,George Nolfi,United States,Action & Adventure
s39,Birth of the Dragon,George Nolfi,United States,Dramas
s40,Chhota Bheem,,India,Kids' TV
s41,He-Man and the Masters of the Universe,,United States,Kids' TV
s41,He-Man and the Masters of the Universe,,United States,TV Sci-Fi & Fantasy
s42,Jaws,Steven Spielberg,United States,Action & Adventure
s42,Jaws,Steven Spielberg,United States,Classic Movies
s42,Jaws,Steven Spielberg,United States,Dramas
s43,Jaws 2,Jeannot Szwarc,United States,Dramas
s43,Jaws 2,Jeannot Szwarc,United States,Horror Movies
s43,Jaws 2,Jeannot Szwarc,United States,Thrillers
s44,Jaws 3,Joe Alves,United States,Action & Adventure
s44,Jaws 3,Joe Alves,United States,Horror Movies
s44,Jaws 3,Joe Alves,United States,Thrillers
s45,Jaws: The Revenge,Joseph Sargent,United States,Action & Adventure
s45,Jaws: The Revenge,Joseph Sargent,United States,Horror Movies
s45,Jaws: The Revenge,Joseph Sargent,United States,Thrillers
s46,My Heroes Were Cowboys,Tyler Greco,,Documentaries
s47,Safe House,Daniel Espinosa,South Africa,Action & Adventure
s47,Safe House,Daniel Espinosa,United States,Action & Adventure
s47,Safe House,Daniel Espinosa,Japan,Action & Adventure
s48,The Smart Money Woman,Bunmi Ajakaiye,,International TV Shows
s48,The Smart Money Woman,Bunmi Ajakaiye,,Romantic TV Shows
s48,The Smart Money Woman,Bunmi Ajakaiye,,TV Comedies
s49,Training Day,Antoine Fuqua,United States,Dramas
s49,Training Day,Antoine Fuqua,United States,Thrillers
s50,Castle and Castle,,Nigeria,International TV Shows
s50,Castle and Castle,,Nigeria,TV Dramas
s51,Dharmakshetra,,India,International TV Shows
s51,Dharmakshetra,,India,TV Dramas
s51,Dharmakshetra,,India,TV Sci-Fi & Fantasy
s52,InuYasha the Movie 2: The Castle Beyond the Looking Glass,Toshiya Shinohara,Japan,Action & Adventure
s52,InuYasha the Movie 2: The Castle Beyond the Looking Glass,Toshiya Shinohara,Japan,Anime Features
s52,InuYasha the Movie 2: The Castle Beyond the Looking Glass,Toshiya Shinohara,Japan,International Movies
s53,InuYasha the Movie 3: Swords of an Honorable Ruler,Toshiya Shinohara,Japan,Action & Adventure
s53,InuYasha the Movie 3: Swords of an Honorable Ruler,Toshiya Shinohara,Japan,Anime Features
s53,InuYasha the Movie 3: Swords of an Honorable Ruler,Toshiya Shinohara,Japan,International Movies
s54,InuYasha the Movie 4: Fire on the Mystic Island,Toshiya Shinohara,Japan,Action & Adventure
s54,InuYasha the Movie 4: Fire on the Mystic Island,Toshiya Shinohara,Japan,Anime Features
s54,InuYasha the Movie 4: Fire on the Mystic Island,Toshiya Shinohara,Japan,International Movies
s55,InuYasha the Movie: Affections Touching Across Time,Toshiya Shinohara,Japan,Action & Adventure
s55,InuYasha the Movie: Affections Touching Across Time,Toshiya Shinohara,Japan,Anime Features
s55,InuYasha the Movie: Affections Touching Across Time,Toshiya Shinohara,Japan,International Movies
s56,Nailed It,,United States,Reality TV
s57,Naruto Shippuden the Movie: Blood Prison,Masahiko Murata,Japan,Action & Adventure
s57,Naruto Shippuden the Movie: Blood Prison,Masahiko Murata,Japan,Anime Features
s57,Naruto Shippuden the Movie: Blood Prison,Masahiko Murata,Japan,International Movies
s58,Naruto Shippûden the Movie: Bonds,Hajime Kamegaki,Japan,Action & Adventure
s58,Naruto Shippûden the Movie: Bonds,Hajime Kamegaki,Japan,Anime Features
s58,Naruto Shippûden the Movie: Bonds,Hajime Kamegaki,Japan,International Movies
s59,Naruto Shippûden the Movie: The Will of Fire,Masahiko Murata,Japan,Action & Adventure
s59,Naruto Shippûden the Movie: The Will of Fire,Masahiko Murata,Japan,Anime Features
s59,Naruto Shippûden the Movie: The Will of Fire,Masahiko Murata,Japan,International Movies
s60,Naruto Shippuden: The Movie,Hajime Kamegaki,Japan,Action & Adventure
s60,Naruto Shippuden: The Movie,Hajime Kamegaki,Japan,Anime Features
s60,Naruto Shippuden: The Movie,Hajime Kamegaki,Japan,International Movies
s61,Naruto Shippuden: The Movie: The Lost Tower,Masahiko Murata,Japan,Action & Adventure
s61,Naruto Shippuden: The Movie: The Lost Tower,Masahiko Murata,Japan,Anime Features
s61,Naruto Shippuden: The Movie: The Lost Tower,Masahiko Murata,Japan,International Movies
s62,Naruto the Movie 2: Legend of the Stone of Gelel,Hirotsugu Kawasaki,Japan,Action & Adventure
s62,Naruto the Movie 2: Legend of the Stone of Gelel,Hirotsugu Kawasaki,Japan,Anime Features
s62,Naruto the Movie 2: Legend of the Stone of Gelel,Hirotsugu Kawasaki,Japan,International Movies
s63,Naruto the Movie 3: Guardians of the Crescent Moon Kingdom,Toshiyuki Tsuru,Japan,Action & Adventure
s63,Naruto the Movie 3: Guardians of the Crescent Moon Kingdom,Toshiyuki Tsuru,Japan,Anime Features
s63,Naruto the Movie 3: Guardians of the Crescent Moon Kingdom,Toshiyuki Tsuru,Japan,International Movies
s64,Naruto the Movie: Ninja Clash in the Land of Snow,Tensai Okamura,Japan,Action & Adventure
s64,Naruto the Movie: Ninja Clash in the Land of Snow,Tensai Okamura,Japan,Anime Features
s64,Naruto the Movie: Ninja Clash in the Land of Snow,Tensai Okamura,Japan,International Movies
s65,Nightbooks,David Yarovesky,,Children & Family Movies
s66,Numberblocks,,United Kingdom,Kids' TV
s67,Raja Rasoi Aur Anya Kahaniyan,,India,Docuseries
s67,Raja Rasoi Aur Anya Kahaniyan,,India,International TV Shows
s68,Saved by the Bell,,United States,Kids' TV
s68,Saved by the Bell,,United States,TV Comedies
s69,Schumacher,Hanns-Bruno Kammertöns,,Documentaries
s69,Schumacher,Hanns-Bruno Kammertöns,,International Movies
s69,Schumacher,Hanns-Bruno Kammertöns,,Sports Movies
s69,Schumacher,Vanessa Nöcker,,Documentaries
s69,Schumacher,Vanessa Nöcker,,International Movies
s69,Schumacher,Vanessa Nöcker,,Sports Movies
s69,Schumacher,Michael Wech,,Documentaries
s69,Schumacher,Michael Wech,,International Movies
s69,Schumacher,Michael Wech,,Sports Movies
s70,Stories by Rabindranath Tagore,,India,International TV Shows
s70,Stories by Rabindranath Tagore,,India,TV Dramas
s71,Too Hot To Handle: Latino,,,International TV Shows
s71,Too Hot To Handle: Latino,,,Reality TV
s71,Too Hot To Handle: Latino,,,Romantic TV Shows
s72,A StoryBots Space Adventure,David A. Vargas,,Children & Family Movies
s73,Jack Whitehall: Travels with My Father,,United Kingdom,British TV Shows
s73,Jack Whitehall: Travels with My Father,,United Kingdom,Docuseries
s73,Jack Whitehall: Travels with My Father,,United Kingdom,International TV Shows
s74,King of Boys,Kemi Adetiba,Nigeria,Dramas
s74,King of Boys,Kemi Adetiba,Nigeria,International Movies
s75,The World's Most Amazing Vacation Rentals,,,Reality TV
s76,You vs. Wild: Out Cold,Ben Simms,,Children & Family Movies
s77,Yowamushi Pedal,,Japan,Anime Series
s77,Yowamushi Pedal,,Japan,International TV Shows
s78,Little Singham - Black Shadow,Prakash Satam,,Children & Family Movies
s78,Little Singham - Black Shadow,Prakash Satam,,Comedies
s79,Tughlaq Durbar,Delhiprasad Deenadayalan,,Comedies
s79,Tughlaq Durbar,Delhiprasad Deenadayalan,,Dramas
s79,Tughlaq Durbar,Delhiprasad Deenadayalan,,International Movies
s80,Tughlaq Durbar (Telugu),Delhiprasad Deenadayalan,,Comedies
s80,Tughlaq Durbar (Telugu),Delhiprasad Deenadayalan,,Dramas
s80,Tughlaq Durbar (Telugu),Delhiprasad Deenadayalan,,International Movies
s81,Firedrake the Silver Dragon,Tomer Eshed,,Children & Family Movies
s82,Kate,Cedric Nicolas-Troyan,United States,Action & Adventure
s83,Lucifer,,United States,Crime TV Shows
s83,Lucifer,,United States,TV Comedies
s83,Lucifer,,United States,TV Dramas
s84,Metal Shop Masters,,,Reality TV
s85,Omo Ghetto: the Saga,JJC Skillz,Nigeria,Action & Adventure
s85,Omo Ghetto: the Saga,JJC Skillz,Nigeria,Comedies
s85,Omo Ghetto: the Saga,JJC Skillz,Nigeria,Dramas
s85,Omo Ghetto: the Saga,Funke Akindele,Nigeria,Action & Adventure
s85,Omo Ghetto: the Saga,Funke Akindele,Nigeria,Comedies
s85,Omo Ghetto: the Saga,Funke Akindele,Nigeria,Dramas
s86,Pokémon Master Journeys: The Series,,,Anime Series
s86,Pokémon Master Journeys: The Series,,,Kids' TV
s87,Prey,Thomas Sieben,,International Movies
s87,Prey,Thomas Sieben,,Thrillers
s88,Titipo Titipo,,,Kids' TV
s88,Titipo Titipo,,,Korean TV Shows
s89,Blood Brothers: Malcolm X & Muhammad Ali,Marcus Clarke,,Documentaries
s89,Blood Brothers: Malcolm X & Muhammad Ali,Marcus Clarke,,Sports Movies
s90,Mighty Raju,,,Kids' TV
s91,Paradise Hills,Alice Waddington,Spain,Sci-Fi & Fantasy
s91,Paradise Hills,Alice Waddington,Spain,Thrillers
s91,Paradise Hills,Alice Waddington,United States,Sci-Fi & Fantasy
s91,Paradise Hills,Alice Waddington,United States,Thrillers
s92,The Women and the Murderer,Mona Achache,France,Documentaries
s92,The Women and the Murderer,Mona Achache,France,International Movies
s92,The Women and the Murderer,Patricia Tourancheau,France,Documentaries
s92,The Women and the Murderer,Patricia Tourancheau,France,International Movies
s93,Into the Night,,Belgium,International TV Shows
s93,Into the Night,,Belgium,TV Dramas
s93,Into the Night,,Belgium,TV Mysteries
s94,JJ+E,Alexis Almström,,Dramas
s94,JJ+E,Alexis Almström,,International Movies
s94,JJ+E,Alexis Almström,,Romantic Movies
s95,Show Dogs,Raja Gosnell,United Kingdom,Children & Family Movies
s95,Show Dogs,Raja Gosnell,United Kingdom,Comedies
s95,Show Dogs,Raja Gosnell,United States,Children & Family Movies
s95,Show Dogs,Raja Gosnell,United States,Comedies
s96,The Circle,,United States,Reality TV
s96,The Circle,,United Kingdom,Reality TV
s97,If I Leave Here Tomorrow: A Film About Lynyrd Skynyrd,Stephen Kijak,United States,Documentaries
s97,If I Leave Here Tomorrow: A Film About Lynyrd Skynyrd,Stephen Kijak,United States,Music & Musicals
s98,Kid Cosmic,,United States,Kids' TV
s98,Kid Cosmic,,United States,TV Comedies
s98,Kid Cosmic,,United States,TV Sci-Fi & Fantasy
s99,Octonauts: Above & Beyond,,United Kingdom,British TV Shows
s99,Octonauts: Above & Beyond,,United Kingdom,Kids' TV
s100,On the Verge,,France,TV Comedies
s100,On the Verge,,France,TV Dramas
s100,On the Verge,,United States,TV Comedies
s100,On the Verge,,United States,TV Dramas
s101,Tobot Galaxy Detectives,,,Kids' TV
s102,Untold: Breaking Point,Chapman Way,United States,Documentaries
s102,Untold: Breaking Point,Chapman Way,United States,Sports Movies
s102,Untold: Breaking Point,Maclain Way,United States,Documentaries
s102,Untold: Breaking Point,Maclain Way,United States,Sports Movies
s103,Countdown: Inspiration4 Mission to Space,Jason Hehir,,Docuseries
s103,Countdown: Inspiration4 Mission to Space,Jason Hehir,,Science & Nature TV
s104,Shadow Parties,Yemi Amodu,,Dramas
s104,Shadow Parties,Yemi Amodu,,International Movies
s104,Shadow Parties,Yemi Amodu,,Thrillers
s105,Tayo the Little Bus,,South Korea,Kids' TV
s105,Tayo the Little Bus,,South Korea,Korean TV Shows
s106,Angamaly Diaries,Lijo Jose Pellissery,India,Action & Adventure
s106,Angamaly Diaries,Lijo Jose Pellissery,India,Comedies
s106,Angamaly Diaries,Lijo Jose Pellissery,India,Dramas
s107,Bunk'd,,United States,Kids' TV
s107,Bunk'd,,United States,TV Comedies
s108,A Champion Heart,David de Vos,United States,Children & Family Movies
s108,A Champion Heart,David de Vos,United States,Dramas
s109,Dive Club,,Australia,Kids' TV
s109,Dive Club,,Australia,TV Dramas
s109,Dive Club,,Australia,Teen TV Shows
s110,La casa de papel,,Spain,Crime TV Shows
s110,La casa de papel,,Spain,International TV Shows
s110,La casa de papel,,Spain,Spanish-Language TV Shows
s111,Money Heist: From Tokyo to Berlin,Luis Alfaro,,Docuseries
s111,Money Heist: From Tokyo to Berlin,Luis Alfaro,,International TV Shows
s111,Money Heist: From Tokyo to Berlin,Luis Alfaro,,Spanish-Language TV Shows
s111,Money Heist: From Tokyo to Berlin,Javier Gómez Santander,,Docuseries
s111,Money Heist: From Tokyo to Berlin,Javier Gómez Santander,,International TV Shows
s111,Money Heist: From Tokyo to Berlin,Javier Gómez Santander,,Spanish-Language TV Shows
s112,Sharkdog,,United States,Kids' TV
s112,Sharkdog,,Singapore,Kids' TV
s113,Worth,Sara Colangelo,,Dramas
s114,Afterlife of the Party,Stephen Herek,,Comedies
s114,Afterlife of the Party,Stephen Herek,,Romantic Movies
s115,Anjaam,Rahul Rawail,India,Dramas
s115,Anjaam,Rahul Rawail,India,International Movies
s115,Anjaam,Rahul Rawail,India,Thrillers
s116,Bright Star,Jane Campion,United Kingdom,Dramas
s116,Bright Star,Jane Campion,United Kingdom,Romantic Movies
s116,Bright Star,Jane Campion,Australia,Dramas
s116,Bright Star,Jane Campion,Australia,Romantic Movies
s116,Bright Star,Jane Campion,France,Dramas
s116,Bright Star,Jane Campion,France,Romantic Movies
s117,Dhanak,Nagesh Kukunoor,India,Comedies
s117,Dhanak,Nagesh Kukunoor,India,Dramas
s117,Dhanak,Nagesh Kukunoor,India,Independent Movies
s118,Final Account,Luke Holland,United Kingdom,Documentaries
s118,Final Account,Luke Holland,United States,Documentaries
s119,Gurgaon,Shanker Raman,India,Dramas
s119,Gurgaon,Shanker Raman,India,International Movies
s119,Gurgaon,Shanker Raman,India,Thrillers
s120,Here and There,JP Habac,,Dramas
s120,Here and There,JP Habac,,International Movies
s120,Here and There,JP Habac,,Romantic Movies
s121,Heroes of Goo Jit Zu,,Australia,Kids' TV
s121,Heroes of Goo Jit Zu,,Australia,TV Comedies
s122,Hotel Del Luna,,,International TV Shows
s122,Hotel Del Luna,,,Romantic TV Shows
s122,Hotel Del Luna,,,TV Comedies
s123,In the Cut,Jane Campion,United Kingdom,Thrillers
s123,In the Cut,Jane Campion,Australia,Thrillers
s123,In the Cut,Jane Campion,France,Thrillers
s123,In the Cut,Jane Campion,United States,Thrillers
s124,Luv Kushh,,,Kids' TV
s125,Pororo - The Little Penguin,,South Korea,Kids' TV
s125,Pororo - The Little Penguin,,South Korea,Korean TV Shows
s126,Q-Force,,United States,Crime TV Shows
s126,Q-Force,,United States,TV Action & Adventure
s126,Q-Force,,United States,TV Comedies
s127,Shikara,Vidhu Vinod Chopra,India,Dramas
s127,Shikara,Vidhu Vinod Chopra,India,International Movies
s127,Shikara,Vidhu Vinod Chopra,India,Romantic Movies
s128,A Cinderella Story,Mark Rosman,United States,Children & Family Movies
s128,A Cinderella Story,Mark Rosman,United States,Comedies
s128,A Cinderella Story,Mark Rosman,Canada,Children & Family Movies
s128,A Cinderella Story,Mark Rosman,Canada,Comedies
s129,Agatha Christie's Crooked House,Gilles Paquet-Brenner,,Dramas
s129,Agatha Christie's Crooked House,Gilles Paquet-Brenner,,International Movies
s129,Agatha Christie's Crooked House,Gilles Paquet-Brenner,,Thrillers
s130,An Unfinished Life,Lasse Hallström,Germany,Dramas
s130,An Unfinished Life,Lasse Hallström,United States,Dramas
s131,Barbie Big City Big Dreams,Scott Pleydell-Pearce,,Children & Family Movies
s131,Barbie Big City Big Dreams,Scott Pleydell-Pearce,,Music & Musicals
s132,Blade Runner: The Final Cut,Ridley Scott,United States,Action & Adventure
s132,Blade Runner: The Final Cut,Ridley Scott,United States,Classic Movies
s132,Blade Runner: The Final Cut,Ridley Scott,United States,Cult Movies
s133,Brave Animated Series,,,International TV Shows
s133,Brave Animated Series,,,TV Action & Adventure
s133,Brave Animated Series,,,TV Comedies
s134,Chappie,Neill Blomkamp,South Africa,Action & Adventure
s134,Chappie,Neill Blomkamp,South Africa,Sci-Fi & Fantasy
s134,Chappie,Neill Blomkamp,United States,Action & Adventure
s134,Chappie,Neill Blomkamp,United States,Sci-Fi & Fantasy
s135,Clear and Present Danger,Phillip Noyce,United States,Action & Adventure
s135,Clear and Present Danger,Phillip Noyce,United States,Dramas
s135,Clear and Present Danger,Phillip Noyce,Mexico,Action & Adventure
s135,Clear and Present Danger,Phillip Noyce,Mexico,Dramas
s136,Cliffhanger,Renny Harlin,United States,Action & Adventure
s136,Cliffhanger,Renny Harlin,Italy,Action & Adventure
s136,Cliffhanger,Renny Harlin,France,Action & Adventure
s136,Cliffhanger,Renny Harlin,Japan,Action & Adventure
s137,Cold Mountain,Anthony Minghella,United States,Dramas
s137,Cold Mountain,Anthony Minghella,United States,Romantic Movies
s137,Cold Mountain,Anthony Minghella,Italy,Dramas
s137,Cold Mountain,Anthony Minghella,Italy,Romantic Movies
s137,Cold Mountain,Anthony Minghella,Romania,Dramas
s137,Cold Mountain,Anthony Minghella,Romania,Romantic Movies
s137,Cold Mountain,Anthony Minghella,United Kingdom,Dramas
s137,Cold Mountain,Anthony Minghella,United Kingdom,Romantic Movies
s138,Crocodile Dundee in Los Angeles,Simon Wincer,Australia,Action & Adventure
s138,Crocodile Dundee in Los Angeles,Simon Wincer,Australia,Comedies
s138,Crocodile Dundee in Los Angeles,Simon Wincer,United States,Action & Adventure
s138,Crocodile Dundee in Los Angeles,Simon Wincer,United States,Comedies
s139,Dear John,Lasse Hallström,United States,Dramas
s139,Dear John,Lasse Hallström,United States,Romantic Movies
s140,Do the Right Thing,Spike Lee,United States,Classic Movies
s140,Do the Right Thing,Spike Lee,United States,Comedies
s140,Do the Right Thing,Spike Lee,United States,Dramas
s141,"El patrón, radiografía de un crimen",Sebastián Schindel,Argentina,Dramas
s141,"El patrón, radiografía de un crimen",Sebastián Schindel,Argentina,International Movies
s141,"El patrón, radiografía de un crimen",Sebastián Schindel,Argentina,Thrillers
s141,"El patrón, radiografía de un crimen",Sebastián Schindel,Venezuela,Dramas
s141,"El patrón, radiografía de un crimen",Sebastián Schindel,Venezuela,International Movies
s141,"El patrón, radiografía de un crimen",Sebastián Schindel,Venezuela,Thrillers
s142,Extraction,Steven C. Miller,United States,Action & Adventure
s142,Extraction,Steven C. Miller,United Kingdom,Action & Adventure
s142,Extraction,Steven C. Miller,Canada,Action & Adventure
s143,Freedom Writers,Richard LaGravenese,Germany,Dramas
s143,Freedom Writers,Richard LaGravenese,United States,Dramas
s144,Green Lantern,Martin Campbell,United States,Action & Adventure
s144,Green Lantern,Martin Campbell,United States,Sci-Fi & Fantasy
s145,House Party,Reginald Hudlin,United States,Comedies
s145,House Party,Reginald Hudlin,United States,Cult Movies
s146,House Party 2,George Jackson,United States,Comedies
s146,House Party 2,George Jackson,United States,Cult Movies
s146,House Party 2,George Jackson,United States,Music & Musicals
s146,House Party 2,Doug McHenry,United States,Comedies
s146,House Party 2,Doug McHenry,United States,Cult Movies
s146,House Party 2,Doug McHenry,United States,Music & Musicals
s147,House Party 3,Eric Meza,United States,Comedies
s147,House Party 3,Eric Meza,United States,Music & Musicals
s148,How to Be a Cowboy,,,Reality TV
s149,HQ Barbers,Gerhard Mostert,,TV Shows
s150,I Got the Hook Up,Michael Martin,United States,Action & Adventure
s150,I Got the Hook Up,Michael Martin,United States,Comedies
s151,In Too Deep,Michael Rymer,United States,Thrillers
s152,Initial D,Andrew Lau Wai-keung,China,Action & Adventure
s152,Initial D,Andrew Lau Wai-keung,China,International Movies
s152,Initial D,Andrew Lau Wai-keung,Hong Kong,Action & Adventure
s152,Initial D,Andrew Lau Wai-keung,Hong Kong,International Movies
s152,Initial D,Alan Mak,China,Action & Adventure
s152,Initial D,Alan Mak,China,International Movies
s152,Initial D,Alan Mak,Hong Kong,Action & Adventure
s152,Initial D,Alan Mak,Hong Kong,International Movies
s153,Janoskians: Untold and Untrue,Brett Weiner,United States,Comedies
s154,Kid-E-Cats,,Russia,Kids' TV
s155,Kuroko's Basketball,,Japan,Anime Series
s155,Kuroko's Basketball,,Japan,International TV Shows
s155,Kuroko's Basketball,,Japan,Teen TV Shows
s156,Labyrinth,Jim Henson,United Kingdom,Action & Adventure
s156,Labyrinth,Jim Henson,United Kingdom,Children & Family Movies
s156,Labyrinth,Jim Henson,United Kingdom,Cult Movies
s156,Labyrinth,Jim Henson,United States,Action & Adventure
s156,Labyrinth,Jim Henson,United States,Children & Family Movies
s156,Labyrinth,Jim Henson,United States,Cult Movies
s157,Letters to Juliet,Gary Winick,United States,Comedies
s157,Letters to Juliet,Gary Winick,United States,Dramas
s157,Letters to Juliet,Gary Winick,United States,Romantic Movies
s158,Level 16,Danishka Esterhazy,Canada,Sci-Fi & Fantasy
s158,Level 16,Danishka Esterhazy,Canada,Thrillers
s159,Love Don't Cost a Thing,Troy Byer,United States,Comedies
s159,Love Don't Cost a Thing,Troy Byer,United States,Romantic Movies
s160,Love in a Puff,Pang Ho-cheung,Hong Kong,Comedies
s160,Love in a Puff,Pang Ho-cheung,Hong Kong,Dramas
s160,Love in a Puff,Pang Ho-cheung,Hong Kong,International Movies
s161,Major Dad,,United States,TV Comedies
s162,Mars Attacks!,Tim Burton,United States,Comedies
s162,Mars Attacks!,Tim Burton,United States,Cult Movies
s162,Mars Attacks!,Tim Burton,United States,Sci-Fi & Fantasy
s163,Marshall,Reginald Hudlin,United States,Dramas
s163,Marshall,Reginald Hudlin,China,Dramas
s163,Marshall,Reginald Hudlin,Hong Kong,Dramas
s164,My Boss's Daughter,David Zucker,United States,Comedies
s164,My Boss's Daughter,David Zucker,United States,Romantic Movies
s165,Mystery Men,Kinka Usher,United States,Action & Adventure
s165,Mystery Men,Kinka Usher,United States,Comedies
s166,Oldsters,,,Crime TV Shows
s166,Oldsters,,,International TV Shows
s166,Oldsters,,,Spanish-Language TV Shows
s167,Once Upon a Time in America,Sergio Leone,Italy,Classic Movies
s167,Once Upon a Time in America,Sergio Leone,Italy,Dramas
s167,Once Upon a Time in America,Sergio Leone,United States,Classic Movies
s167,Once Upon a Time in America,Sergio Leone,United States,Dramas
s168,Open Season 2,Matthew O'Callaghan,United States,Children & Family Movies
s168,Open Season 2,Matthew O'Callaghan,United States,Comedies
s168,Open Season 2,Matthew O'Callaghan,Canada,Children & Family Movies
s168,Open Season 2,Matthew O'Callaghan,Canada,Comedies
s168,Open Season 2,Todd Wilderman,United States,Children & Family Movies
s168,Open Season 2,Todd Wilderman,United States,Comedies
s168,Open Season 2,Todd Wilderman,Canada,Children & Family Movies
s168,Open Season 2,Todd Wilderman,Canada,Comedies
s169,Osmosis Jones,Bobby Farrelly,United States,Action & Adventure
s169,Osmosis Jones,Bobby Farrelly,United States,Children & Family Movies
s169,Osmosis Jones,Bobby Farrelly,United States,Comedies
s169,Osmosis Jones,Peter Farrelly,United States,Action & Adventure
s169,Osmosis Jones,Peter Farrelly,United States,Children & Family Movies
s169,Osmosis Jones,Peter Farrelly,United States,Comedies
s170,Poseidon,Wolfgang Petersen,United States,Action & Adventure
s170,Poseidon,Wolfgang Petersen,United States,Dramas
s171,Rhyme & Reason,Peter Spirer,United States,Documentaries
s171,Rhyme & Reason,Peter Spirer,United States,Music & Musicals
s172,Same Kind of Different as Me,Michael Carney,United States,Dramas
s172,Same Kind of Different as Me,Michael Carney,United States,Faith & Spirituality
s173,School of Rock,Richard Linklater,United States,Comedies
s173,School of Rock,Richard Linklater,United States,Music & Musicals
s173,School of Rock,Richard Linklater,Germany,Comedies
s173,School of Rock,Richard Linklater,Germany,Music & Musicals
s174,Snervous Tyler Oakley,Amy Rice,United States,Documentaries
s174,Snervous Tyler Oakley,Amy Rice,United States,LGBTQ Movies
s175,Tears of the Sun,Antoine Fuqua,United States,Action & Adventure
s175,Tears of the Sun,Antoine Fuqua,United States,Dramas
s176,The Blue Lagoon,Randal Kleiser,United States,Dramas
s176,The Blue Lagoon,Randal Kleiser,United States,Romantic Movies
s177,The Golden Child,Michael Ritchie,United States,Action & Adventure
s177,The Golden Child,Michael Ritchie,United States,Comedies
s178,The Guns of Navarone,J. Lee Thompson,United Kingdom,Action & Adventure
s178,The Guns of Navarone,J. Lee Thompson,United Kingdom,Classic Movies
s178,The Guns of Navarone,J. Lee Thompson,United States,Action & Adventure
s178,The Guns of Navarone,J. Lee Thompson,United States,Classic Movies
s179,The Interview,Evan Goldberg,United States,Action & Adventure
s179,The Interview,Evan Goldberg,United States,Comedies
s179,The Interview,Seth Rogen,United States,Action & Adventure
s179,The Interview,Seth Rogen,United States,Comedies
s180,The Nutty Professor,Tom Shadyac,United States,Comedies
s180,The Nutty Professor,Tom Shadyac,United States,Romantic Movies
s181,The Nutty Professor II: The Klumps,Peter Segal,,Comedies
s181,The Nutty Professor II: The Klumps,Peter Segal,,Romantic Movies
s182,Turning Point: 9/11 and the War on Terror,,,Docuseries
s183,Welcome Home Roscoe Jenkins,Malcolm D. Lee,United States,Comedies
s184,In the Line of Fire,Wolfgang Petersen,United States,Action & Adventure
s184,In the Line of Fire,Wolfgang Petersen,United States,Classic Movies
s185,Sparking Joy,,United States,Reality TV
s186,Untold: Crime & Penalties,Chapman Way,,Documentaries
s186,Untold: Crime & Penalties,Chapman Way,,Sports Movies
s186,Untold: Crime & Penalties,Maclain Way,,Documentaries
s186,Untold: Crime & Penalties,Maclain Way,,Sports Movies
s187,Hometown Cha-Cha-Cha,,,International TV Shows
s187,Hometown Cha-Cha-Cha,,,Romantic TV Shows
s187,Hometown Cha-Cha-Cha,,,TV Comedies
s188,The Ingenuity of the Househusband,,,International TV Shows
s188,The Ingenuity of the Househusband,,,TV Comedies
s189,2 Alone in Paris,Ramzy Bedia,France,Comedies
s189,2 Alone in Paris,Ramzy Bedia,France,International Movies
s189,2 Alone in Paris,Éric Judor,France,Comedies
s189,2 Alone in Paris,Éric Judor,France,International Movies
s190,Bread Barbershop,,,Kids' TV
s190,Bread Barbershop,,,TV Comedies
s191,Thimmarusu,Sharan Koppisetty,India,Dramas
s191,Thimmarusu,Sharan Koppisetty,India,International Movies
s192,Wind River,Taylor Sheridan,United Kingdom,Dramas
s192,Wind River,Taylor Sheridan,United Kingdom,Independent Movies
s192,Wind River,Taylor Sheridan,Canada,Dramas
s192,Wind River,Taylor Sheridan,Canada,Independent Movies
s192,Wind River,Taylor Sheridan,United States,Dramas
s192,Wind River,Taylor Sheridan,United States,Independent Movies
s193,C Kkompany,Sachin Yardi,India,Action & Adventure
s193,C Kkompany,Sachin Yardi,India,Comedies
s193,C Kkompany,Sachin Yardi,India,International Movies
s194,D.P.,,,International TV Shows
s194,D.P.,,,TV Dramas
s194,D.P.,,South Korea,International TV Shows
s194,D.P.,,South Korea,TV Dramas
s195,Deadly Sins,,,International TV Shows
s195,Deadly Sins,,,Spanish-Language TV Shows
s195,Deadly Sins,,,TV Dramas
s196,EMI: Liya Hai To Chukana Padega,Saurabh Kabra,India,Comedies
s196,EMI: Liya Hai To Chukana Padega,Saurabh Kabra,India,Dramas
s196,EMI: Liya Hai To Chukana Padega,Saurabh Kabra,India,International Movies
s197,He's All That,Mark Waters,,Comedies
s197,He's All That,Mark Waters,,Romantic Movies
s198,I Heart Arlo,,,Kids' TV
s198,I Heart Arlo,,,TV Comedies
s199,King of Boys: The Return of the King,Kemi Adetiba,Nigeria,Crime TV Shows
s199,King of Boys: The Return of the King,Kemi Adetiba,Nigeria,International TV Shows
s199,King of Boys: The Return of the King,Kemi Adetiba,Nigeria,TV Dramas
s200,Koi Aap Sa,Partho Mitra,India,Comedies
s200,Koi Aap Sa,Partho Mitra,India,Dramas
s200,Koi Aap Sa,Partho Mitra,India,International Movies
